{"is_source_file": false, "format": "", "description": "", "external_files": [], "external_methods": [], "published": [], "classes": [], "methods": [], "calls": [], "search-terms": ["CSS", "App.css", "theme", "variables", "dark mode", "responsive design", "CSS variables", ":root", "media queries"], "state": 2, "file_id": 5, "knowledge_revision": 19, "git_revision": "7aa7a1c3c084b35978889df0cbbf8ab3fc1752a9", "hash": "22f9e17cc1848b56dbb244518ac2707e", "format-version": 4, "code-base-name": "mobike_frontend", "filename": "mobike_frontend/src/App.css", "revision_history": [{"19": "7aa7a1c3c084b35978889df0cbbf8ab3fc1752a9"}]}