{"is_source_file": true, "format": "JavaScript (React JSX)", "description": "This is a React component file defining the main App component for a front-end application. It manages a light/dark theme toggle and renders UI elements including a button, logo, and links.", "external_files": ["./logo.svg", "./App.css"], "external_methods": ["React.useState", "React.useEffect"], "published": ["App"], "classes": [], "methods": [{"name": "App()", "description": "Main React functional component managing theme state and rendering UI elements.", "toggleTheme": "Function to toggle between light and dark themes.", "scope": "", "scopeKind": ""}], "calls": ["React.useState", "React.useEffect", "document.documentElement.setAttribute"], "search-terms": ["React functional component", "theme toggle", "useState", "useEffect", "App component"], "state": 2, "file_id": 10, "knowledge_revision": 24, "git_revision": "7aa7a1c3c084b35978889df0cbbf8ab3fc1752a9", "ctags": [{"_type": "tag", "name": "App", "path": "/home/kavia/workspace/code-generation/bike-rental-management-system-42761-42770/mobike_frontend/src/App.js", "pattern": "/^function App() {$/", "language": "JavaScript", "kind": "function", "signature": "()"}, {"_type": "tag", "name": "Switch to ${theme === 'light' ? 'dark' : 'light'} mode", "path": "/home/kavia/workspace/code-generation/bike-rental-management-system-42761-42770/mobike_frontend/src/App.js", "pattern": "/^          aria-label={`Switch to ${theme === 'light' ? 'dark' : 'light'} mode`}$/", "language": "JavaScript", "kind": "field", "scope": "App.aria", "scopeKind": "class"}, {"_type": "tag", "name": "toggleTheme", "path": "/home/kavia/workspace/code-generation/bike-rental-management-system-42761-42770/mobike_frontend/src/App.js", "pattern": "/^          onClick={toggleTheme}$/", "language": "JavaScript", "kind": "field", "scope": "App.onClick", "scopeKind": "class"}], "hash": "b55dd9e6a018e59207d8e277dffd9e11", "format-version": 4, "code-base-name": "mobike_frontend", "filename": "mobike_frontend/src/App.js", "fields": [{"name": "aria-label={`Switch to ${theme === 'light' ? 'dark' : 'light'} mode`}", "scope": "App.aria", "scopeKind": "class", "description": "unavailable"}, {"name": "onClick={toggleTheme}", "scope": "App.onClick", "scopeKind": "class", "description": "unavailable"}], "revision_history": [{"24": "7aa7a1c3c084b35978889df0cbbf8ab3fc1752a9"}]}