{"is_source_file": false, "format": "", "description": "", "external_files": [], "external_methods": [], "published": [], "classes": [], "methods": [], "calls": [], "search-terms": [], "state": 2, "file_id": 11, "knowledge_revision": 20, "git_revision": "7aa7a1c3c084b35978889df0cbbf8ab3fc1752a9", "hash": "ebece526bc2eadd78ddd787a76c56607", "format-version": 4, "code-base-name": "mobike_frontend", "filename": "mobike_frontend/README.md", "revision_history": [{"20": "7aa7a1c3c084b35978889df0cbbf8ab3fc1752a9"}]}