{"is_source_file": false, "format": "", "description": "", "external_files": [], "external_methods": [], "published": [], "classes": [], "methods": [], "calls": [], "search-terms": [], "state": 2, "file_id": 3, "knowledge_revision": 14, "git_revision": "7aa7a1c3c084b35978889df0cbbf8ab3fc1752a9", "hash": "d9d975cebe2ec20b6c652e1e4c12ccf0", "format-version": 4, "code-base-name": "mobike_frontend", "filename": "mobike_frontend/public/manifest.json", "revision_history": [{"14": "7aa7a1c3c084b35978889df0cbbf8ab3fc1752a9"}]}