{"is_source_file": false, "format": null, "description": "", "external_files": [], "external_methods": [], "published": [], "classes": [], "methods": [], "calls": [], "search-terms": [], "state": 2, "file_id": 2, "knowledge_revision": 15, "git_revision": "7aa7a1c3c084b35978889df0cbbf8ab3fc1752a9", "hash": "d2b40d02d5f7873d8a6713bad837edd4", "format-version": 4, "code-base-name": "mobike_frontend", "filename": "mobike_frontend/public/index.html", "revision_history": [{"15": "7aa7a1c3c084b35978889df0cbbf8ab3fc1752a9"}]}