{"is_source_file": false, "format": "", "description": "", "external_files": [], "external_methods": [], "published": [], "classes": [], "methods": [], "calls": [], "search-terms": [], "state": 2, "file_id": 4, "knowledge_revision": 17, "git_revision": "7aa7a1c3c084b35978889df0cbbf8ab3fc1752a9", "hash": "d001d53c059625c4bcf75bf5a7f3fcf0", "format-version": 4, "code-base-name": "mobike_frontend", "filename": "mobike_frontend/package.json", "revision_history": [{"17": "7aa7a1c3c084b35978889df0cbbf8ab3fc1752a9"}]}