{"is_source_file": true, "format": "JavaScript module (ESM)", "description": "Configuration file for ESLint, defining linting rules, parser options, and plugins for JavaScript and React projects.", "external_files": ["@eslint/js", "eslint-plugin-react"], "external_methods": [], "published": [], "classes": [], "methods": [], "calls": ["pluginJs", "pluginReact", "pluginJs.configs.recommended"], "search-terms": ["eslint", "eslint.config.mjs", "linting", "JavaScript", "React", "eslint-plugin-react", "parserOptions", "rules", "no-unused-vars"], "state": 2, "file_id": 12, "knowledge_revision": 21, "git_revision": "7aa7a1c3c084b35978889df0cbbf8ab3fc1752a9", "hash": "be6538e7523bc2e9da0743133d784136", "format-version": 4, "code-base-name": "mobike_frontend", "filename": "mobike_frontend/eslint.config.mjs", "revision_history": [{"21": "7aa7a1c3c084b35978889df0cbbf8ab3fc1752a9"}]}