{"is_source_file": true, "format": "JavaScript", "description": "This file is a setup script for configuring testing environment with jest-dom matchers in a JavaScript (likely React) project.", "external_files": ["@testing-library/jest-dom"], "external_methods": ["expect().toHaveTextContent()"], "published": [], "classes": [], "methods": [], "calls": ["import '@testing-library/jest-dom'"], "search-terms": ["setupTests.js", "jest-dom", "testing-library", "jest"], "state": 2, "file_id": 8, "knowledge_revision": 22, "git_revision": "7aa7a1c3c084b35978889df0cbbf8ab3fc1752a9", "ctags": [], "hash": "1a77571e1a8cf36018a41bcedf60db75", "format-version": 4, "code-base-name": "mobike_frontend", "filename": "mobike_frontend/src/setupTests.js", "revision_history": [{"22": "7aa7a1c3c084b35978889df0cbbf8ab3fc1752a9"}]}