{"is_source_file": false, "format": "", "description": "", "external_files": [], "external_methods": [], "published": [], "classes": [], "methods": [], "calls": [], "search-terms": [], "state": 2, "file_id": 6, "knowledge_revision": 18, "git_revision": "7aa7a1c3c084b35978889df0cbbf8ab3fc1752a9", "hash": "6c2104b8d219ed99234ae2d6329f4357", "format-version": 4, "code-base-name": "mobike_frontend", "filename": "mobike_frontend/src/index.css", "revision_history": [{"18": "7aa7a1c3c084b35978889df0cbbf8ab3fc1752a9"}]}