{"is_source_file": true, "format": "JavaScript", "description": "This file is the entry point of a React web application, setting up and rendering the main App component into the DOM.", "external_files": ["react", "react-dom/client", "./index.css", "./App"], "external_methods": ["ReactDOM.createRoot", "root.render"], "published": ["default"], "classes": [], "methods": [{"name": "ReactDOM.createRoot", "description": "Creates a root to render a React application into a specific DOM element."}, {"name": "root.render", "description": "Renders the React component tree into the DOM starting from the root."}], "calls": ["ReactDOM.createRoot", "root.render", "React.StrictMode", "React.createElement", "App"], "search-terms": ["React", "ReactDOM", "index.js", "React StrictMode", "App component", "entry point"], "state": 2, "file_id": 9, "knowledge_revision": 25, "git_revision": "7aa7a1c3c084b35978889df0cbbf8ab3fc1752a9", "ctags": [{"_type": "tag", "name": "root", "path": "/home/kavia/workspace/code-generation/bike-rental-management-system-42761-42770/mobike_frontend/src/index.js", "pattern": "/^const root = ReactDOM.createRoot(document.getElementById('root'));$/", "language": "JavaScript", "kind": "constant"}], "hash": "9fc5841375336fc175b49f8767a11383", "format-version": 4, "code-base-name": "mobike_frontend", "filename": "mobike_frontend/src/index.js", "revision_history": [{"25": "7aa7a1c3c084b35978889df0cbbf8ab3fc1752a9"}]}